polymer_idx,grid_row,grid_col,jpg_filename,source_stem,eval_h,eval_w,eval_diag_px,manual_len_px,was_clipped,start_xy_raw,end_xy_raw,start_xy_clipped,end_xy_clipped
0,0,0,D16_03_1_7_Bright Field_001_LHi (129)__y1031_x1481_h90_w90.jpg,D16_03_1_7_Bright Field_001_LHi (129),90,90,127.27922061357856,36.22154055254967,False,"[150.5, 126.5]","[114.5, 130.5]","[150.5, 126.5]","[114.5, 130.5]"
1,0,0,D16_03_1_7_Bright Field_001_LHi (129)__y1031_x1481_h90_w90.jpg,D16_03_1_7_Bright Field_001_LHi (129),90,90,127.27922061357856,18.027756377319946,False,"[159.5, 142.5]","[158.5, 160.5]","[159.5, 142.5]","[158.5, 160.5]"
2,0,1,D16_03_1_7_Bright Field_001_LHi (137)__y234_x1538_h64_w64.jpg,D16_03_1_7_Bright Field_001_LHi (137),64,64,90.50966799187809,18.973665961010276,False,"[357.5, 155.5]","[375.5, 149.5]","[357.5, 155.5]","[375.5, 149.5]"
3,0,2,D16_03_1_7_Bright Field_001_LHi (139)__y1530_x545_h64_w64.jpg,D16_03_1_7_Bright Field_001_LHi (139),64,64,90.50966799187809,10.816653826391969,False,"[640.5, 134.5]","[631.5, 128.5]","[640.5, 134.5]","[631.5, 128.5]"
4,0,2,D16_03_1_7_Bright Field_001_LHi (139)__y1530_x545_h64_w64.jpg,D16_03_1_7_Bright Field_001_LHi (139),64,64,90.50966799187809,11.313708498984761,False,"[645.5, 130.5]","[637.5, 122.5]","[645.5, 130.5]","[637.5, 122.5]"
5,0,2,D16_03_1_7_Bright Field_001_LHi (139)__y1530_x545_h64_w64.jpg,D16_03_1_7_Bright Field_001_LHi (139),64,64,90.50966799187809,10.135955964080834,True,"[634.5, 152.5]","[624.5, 163.5]","[634.5, 152.5]","[627.6818181818181, 160.0]"
6,0,3,D16_03_1_7_Bright Field_001_LHi (155)__y913_x1459_h87_w87.jpg,D16_03_1_7_Bright Field_001_LHi (155),87,87,123.03657992645927,38.27531841800928,False,"[908.5, 147.5]","[887.5, 115.5]","[908.5, 147.5]","[887.5, 115.5]"
7,0,4,D16_03_1_7_Bright Field_001_LHi (161)__y753_x1280_h123_w123.jpg,D16_03_1_7_Bright Field_001_LHi (161),123,123,173.9482681718907,70.25667228100119,False,"[1149.5, 163.5]","[1155.5, 93.5]","[1149.5, 163.5]","[1155.5, 93.5]"
8,0,5,D16_03_1_7_Bright Field_001_LHi (163)__y228_x414_h64_w64.jpg,D16_03_1_7_Bright Field_001_LHi (163),64,64,90.50966799187809,19.235384061671343,False,"[1432.5, 130.5]","[1423.5, 147.5]","[1432.5, 130.5]","[1423.5, 147.5]"
9,0,5,D16_03_1_7_Bright Field_001_LHi (163)__y228_x414_h64_w64.jpg,D16_03_1_7_Bright Field_001_LHi (163),64,64,90.50966799187809,13.038404810405298,False,"[1421.5, 127.5]","[1414.5, 138.5]","[1421.5, 127.5]","[1414.5, 138.5]"
10,0,5,D16_03_1_7_Bright Field_001_LHi (163)__y228_x414_h64_w64.jpg,D16_03_1_7_Bright Field_001_LHi (163),64,64,90.50966799187809,15.620499351813308,False,"[1415.5, 119.5]","[1405.5, 131.5]","[1415.5, 119.5]","[1405.5, 131.5]"
11,1,5,D16_03_1_7_Bright Field_002__y1279_x395_h89_w89.jpg,D16_03_1_7_Bright Field_002,89,89,125.86500705120545,31.32091952673165,False,"[1413.5, 361.5]","[1404.5, 391.5]","[1413.5, 361.5]","[1404.5, 391.5]"
12,1,4,D16_03_1_7_Bright Field_001_LHi (88)__y418_x1202_h77_w77.jpg,D16_03_1_7_Bright Field_001_LHi (88),77,77,108.89444430272832,28.319604517012593,False,"[1161.5, 372.5]","[1142.5, 393.5]","[1161.5, 372.5]","[1142.5, 393.5]"
13,1,3,D16_03_1_7_Bright Field_001_LHi (80)__y1148_x1794_h116_w116.jpg,D16_03_1_7_Bright Field_001_LHi (80),116,116,164.04877323527901,66.70832032063167,False,"[870.5, 376.5]","[931.5, 403.5]","[870.5, 376.5]","[931.5, 403.5]"
14,1,2,D16_03_1_7_Bright Field_001_LHi (8)__y933_x480_h89_w89.jpg,D16_03_1_7_Bright Field_001_LHi (8),89,89,125.86500705120545,48.76474136094644,False,"[625.5, 410.5]","[602.5, 367.5]","[625.5, 410.5]","[602.5, 367.5]"
15,1,2,D16_03_1_7_Bright Field_001_LHi (8)__y933_x480_h89_w89.jpg,D16_03_1_7_Bright Field_001_LHi (8),89,89,125.86500705120545,37.48332962798263,False,"[636.5, 407.5]","[642.5, 370.5]","[636.5, 407.5]","[642.5, 370.5]"
16,1,2,D16_03_1_7_Bright Field_001_LHi (8)__y933_x480_h89_w89.jpg,D16_03_1_7_Bright Field_001_LHi (8),89,89,125.86500705120545,32.9820026681219,True,"[654.5, 407.5]","[688.5, 390.5]","[654.5, 407.5]","[684.0, 392.75]"
17,1,1,D16_03_1_7_Bright Field_001_LHi (26)__y966_x756_h128_w128.jpg,D16_03_1_7_Bright Field_001_LHi (26),128,128,181.01933598375618,138.29660304296394,True,"[359.5, 318.5]","[413.5, 450.5]","[360.1136363636364, 320.0]","[412.47727272727275, 448.0]"
18,0,9,D16_03_1_7_Bright Field_001_LHi (172)__y934_x1203_h91_w91.jpg,D16_03_1_7_Bright Field_001_LHi (172),91,91,128.69343417595164,33.95585369269929,False,"[2443.5, 146.5]","[2410.5, 154.5]","[2443.5, 146.5]","[2410.5, 154.5]"
19,0,9,D16_03_1_7_Bright Field_001_LHi (172)__y934_x1203_h91_w91.jpg,D16_03_1_7_Bright Field_001_LHi (172),91,91,128.69343417595164,43.829214001622255,False,"[2453.5, 138.5]","[2414.5, 118.5]","[2453.5, 138.5]","[2414.5, 118.5]"
20,1,8,G21_03_1_11_Bright Field_002__y1538_x71_h128_w128.jpg,G21_03_1_11_Bright Field_002,128,128,181.01933598375618,47.16990566028302,False,"[2212.5, 418.5]","[2195.5, 374.5]","[2212.5, 418.5]","[2195.5, 374.5]"
21,1,8,G21_03_1_11_Bright Field_002__y1538_x71_h128_w128.jpg,G21_03_1_11_Bright Field_002,128,128,181.01933598375618,100.20977996183805,False,"[2206.5, 425.5]","[2147.5, 344.5]","[2206.5, 425.5]","[2147.5, 344.5]"
22,1,9,G21_03_1_14_Bright Field_001__y864_x511_h65_w65.jpg,G21_03_1_14_Bright Field_001,65,65,91.92388155425118,17.029386365926403,False,"[2437.5, 388.5]","[2424.5, 377.5]","[2437.5, 388.5]","[2424.5, 377.5]"
23,1,7,G21_03_1_11_Bright Field_001__y1183_x248_h96_w96.jpg,G21_03_1_11_Bright Field_001,96,96,135.7645019878171,40.049968789001575,False,"[1946.5, 377.5]","[1906.5, 375.5]","[1946.5, 377.5]","[1906.5, 375.5]"
24,1,7,G21_03_1_11_Bright Field_001__y1183_x248_h96_w96.jpg,G21_03_1_11_Bright Field_001,96,96,135.7645019878171,28.071337695236398,False,"[1944.5, 386.5]","[1916.5, 388.5]","[1944.5, 386.5]","[1916.5, 388.5]"
25,1,7,G21_03_1_11_Bright Field_001__y1183_x248_h96_w96.jpg,G21_03_1_11_Bright Field_001,96,96,135.7645019878171,29.154759474226502,False,"[1943.5, 390.5]","[1916.5, 401.5]","[1943.5, 390.5]","[1916.5, 401.5]"
26,1,6,G21_03_1_10_Bright Field_002__y1780_x246_h128_w128.jpg,G21_03_1_10_Bright Field_002,128,128,181.01933598375618,85.14693182963201,False,"[1673.5, 341.5]","[1654.5, 424.5]","[1673.5, 341.5]","[1654.5, 424.5]"
27,2,9,H20_03_1_10_Bright Field_001__y795_x640_h107_w107.jpg,H20_03_1_10_Bright Field_001,107,107,151.32085117392117,64.41273166075166,False,"[2417.5, 669.5]","[2447.5, 612.5]","[2417.5, 669.5]","[2447.5, 612.5]"
28,2,9,H20_03_1_10_Bright Field_001__y795_x640_h107_w107.jpg,H20_03_1_10_Bright Field_001,107,107,151.32085117392117,53.33854141237835,False,"[2425.5, 672.5]","[2471.5, 645.5]","[2425.5, 672.5]","[2471.5, 645.5]"
29,3,9,H20_03_1_1_Bright Field_001__y626_x516_h64_w64.jpg,H20_03_1_1_Bright Field_001,64,64,90.50966799187809,19.822623200084795,True,"[2457.5, 915.5]","[2441.5, 928.5]","[2457.5, 915.5]","[2442.1153846153848, 928.0]"
30,2,8,G21_03_1_8_Bright Field_001__y846_x1255_h66_w66.jpg,G21_03_1_8_Bright Field_001,66,66,93.33809511662427,19.738540979515246,True,"[2198.5, 620.5]","[2182.5, 605.5]","[2198.5, 620.5]","[2184.1, 607.0]"
31,2,8,G21_03_1_8_Bright Field_001__y846_x1255_h66_w66.jpg,G21_03_1_8_Bright Field_001,66,66,93.33809511662427,21.095023109728988,False,"[2194.5, 625.5]","[2173.5, 623.5]","[2194.5, 625.5]","[2173.5, 623.5]"
32,2,8,G21_03_1_8_Bright Field_001__y846_x1255_h66_w66.jpg,G21_03_1_8_Bright Field_001,66,66,93.33809511662427,20.396078054371138,False,"[2192.5, 639.5]","[2172.5, 643.5]","[2192.5, 639.5]","[2172.5, 643.5]"
33,3,8,H20_03_1_16_Bright Field_002__y151_x1431_h98_w98.jpg,H20_03_1_16_Bright Field_002,98,98,138.59292911256333,90.68627239003708,False,"[2154.5, 874.5]","[2222.5, 934.5]","[2154.5, 874.5]","[2222.5, 934.5]"
34,3,7,H20_03_1_15_Bright Field_002__y898_x1070_h64_w64.jpg,H20_03_1_15_Bright Field_002,64,64,90.50966799187809,41.249457590122184,True,"[1926.5, 912.5]","[1887.5, 927.5]","[1926.5, 912.5]","[1888.0, 927.3076923076923]"
35,2,7,G21_03_1_7_Bright Field_002__y1563_x1553_h110_w110.jpg,G21_03_1_7_Bright Field_002,110,110,155.56349186104046,62.81719509815764,False,"[1912.5, 675.5]","[1927.5, 614.5]","[1912.5, 675.5]","[1927.5, 614.5]"
36,3,9,H20_03_1_1_Bright Field_001__y626_x516_h64_w64.jpg,H20_03_1_1_Bright Field_001,64,64,90.50966799187809,14.0,False,"[2463.5, 878.5]","[2463.5, 864.5]","[2463.5, 878.5]","[2463.5, 864.5]"
37,2,5,G21_03_1_6_Bright Field_002__y1500_x364_h128_w128.jpg,G21_03_1_6_Bright Field_002,128,128,181.01933598375618,100.87561556696105,True,"[1475.5, 646.5]","[1371.5, 637.5]","[1472.0, 646.1971153846154]","[1371.5, 637.5]"
38,2,6,G21_03_1_7_Bright Field_001__y1796_x356_h89_w89.jpg,G21_03_1_7_Bright Field_001,89,89,125.86500705120545,55.90169943749474,False,"[1686.5, 662.5]","[1648.5, 621.5]","[1686.5, 662.5]","[1648.5, 621.5]"
39,3,6,H20_03_1_15_Bright Field_001__y947_x86_h65_w65.jpg,H20_03_1_15_Bright Field_001,65,65,91.92388155425118,15.0,False,"[1655.5, 890.5]","[1667.5, 899.5]","[1655.5, 890.5]","[1667.5, 899.5]"
40,3,5,H20_03_1_14_Bright Field_001__y504_x257_h128_w128.jpg,H20_03_1_14_Bright Field_001,128,128,181.01933598375618,20.615528128088304,False,"[1454.5, 945.5]","[1470.5, 932.5]","[1454.5, 945.5]","[1470.5, 932.5]"
41,3,5,H20_03_1_14_Bright Field_001__y504_x257_h128_w128.jpg,H20_03_1_14_Bright Field_001,128,128,181.01933598375618,38.58756276314948,False,"[1444.5, 941.5]","[1464.5, 908.5]","[1444.5, 941.5]","[1464.5, 908.5]"
42,3,5,H20_03_1_14_Bright Field_001__y504_x257_h128_w128.jpg,H20_03_1_14_Bright Field_001,128,128,181.01933598375618,96.17692030835673,False,"[1429.5, 940.5]","[1384.5, 855.5]","[1429.5, 940.5]","[1384.5, 855.5]"
43,3,4,H20_03_1_12_Bright Field_002__y1494_x50_h64_w64.jpg,H20_03_1_12_Bright Field_002,64,64,90.50966799187809,15.033296378372908,False,"[1159.5, 916.5]","[1144.5, 917.5]","[1159.5, 916.5]","[1144.5, 917.5]"
44,2,4,G21_03_1_5_Bright Field_002__y1153_x1324_h109_w109.jpg,G21_03_1_5_Bright Field_002,109,109,154.14927829866735,60.00833275470999,False,"[1137.5, 606.5]","[1161.5, 661.5]","[1137.5, 606.5]","[1161.5, 661.5]"
45,3,4,H20_03_1_12_Bright Field_002__y1494_x50_h64_w64.jpg,H20_03_1_12_Bright Field_002,64,64,90.50966799187809,16.0312195418814,False,"[1169.5, 927.5]","[1153.5, 926.5]","[1169.5, 927.5]","[1153.5, 926.5]"
46,2,1,G21_03_1_2_Bright Field_002__y100_x538_h128_w128.jpg,G21_03_1_2_Bright Field_002,128,128,181.01933598375618,109.41663493271945,False,"[369.5, 594.5]","[403.5, 698.5]","[369.5, 594.5]","[403.5, 698.5]"
47,2,2,G21_03_1_3_Bright Field_001__y1144_x1282_h75_w75.jpg,G21_03_1_3_Bright Field_001,75,75,106.06601717798213,20.248456731316587,False,"[628.5, 652.5]","[647.5, 659.5]","[628.5, 652.5]","[647.5, 659.5]"
48,2,3,G21_03_1_4_Bright Field_001__y1659_x1050_h69_w69.jpg,G21_03_1_4_Bright Field_001,69,69,97.58073580374356,15.264337522473747,False,"[906.5, 635.5]","[893.5, 643.5]","[906.5, 635.5]","[893.5, 643.5]"
49,3,3,H20_03_1_12_Bright Field_001__y1559_x525_h99_w99.jpg,H20_03_1_12_Bright Field_001,99,99,140.0071426749364,52.55473337388365,False,"[919.5, 905.5]","[870.5, 886.5]","[919.5, 905.5]","[870.5, 886.5]"
50,3,3,H20_03_1_12_Bright Field_001__y1559_x525_h99_w99.jpg,H20_03_1_12_Bright Field_001,99,99,140.0071426749364,16.97056274847714,False,"[920.5, 921.5]","[908.5, 933.5]","[920.5, 921.5]","[908.5, 933.5]"
51,3,2,H20_03_1_11_Bright Field_002__y1664_x506_h77_w77.jpg,H20_03_1_11_Bright Field_002,77,77,108.89444430272832,26.92582403567252,False,"[632.5, 914.5]","[618.5, 891.5]","[632.5, 914.5]","[618.5, 891.5]"
52,3,2,H20_03_1_11_Bright Field_002__y1664_x506_h77_w77.jpg,H20_03_1_11_Bright Field_002,77,77,108.89444430272832,19.026297590440446,False,"[643.5, 912.5]","[642.5, 893.5]","[643.5, 912.5]","[642.5, 893.5]"
53,3,2,H20_03_1_11_Bright Field_002__y1664_x506_h77_w77.jpg,H20_03_1_11_Bright Field_002,77,77,108.89444430272832,23.11353580026392,True,"[658.5, 918.5]","[680.5, 904.5]","[658.5, 918.5]","[678.0, 906.0909090909091]"
54,3,1,H20_03_1_11_Bright Field_001__y1452_x306_h101_w101.jpg,H20_03_1_11_Bright Field_001,101,101,142.8355697996826,59.22837157984339,False,"[378.5, 924.5]","[390.5, 866.5]","[378.5, 924.5]","[390.5, 866.5]"
55,2,2,G21_03_1_3_Bright Field_001__y1144_x1282_h75_w75.jpg,G21_03_1_3_Bright Field_001,75,75,106.06601717798213,32.57299494980466,False,"[632.5, 642.5]","[663.5, 632.5]","[632.5, 642.5]","[663.5, 632.5]"
56,2,2,G21_03_1_3_Bright Field_001__y1144_x1282_h75_w75.jpg,G21_03_1_3_Bright Field_001,75,75,106.06601717798213,21.787905129161835,True,"[615.5, 666.5]","[635.5, 677.5]","[615.5, 666.5]","[634.5909090909091, 677.0]"
57,3,2,H20_03_1_11_Bright Field_002__y1664_x506_h77_w77.jpg,H20_03_1_11_Bright Field_002,77,77,108.89444430272832,18.729189744258942,True,"[619.5, 927.5]","[600.5, 924.5]","[619.5, 927.5]","[601.0, 924.578947368421]"
58,3,3,H20_03_1_12_Bright Field_001__y1559_x525_h99_w99.jpg,H20_03_1_12_Bright Field_001,99,99,140.0071426749364,16.278820596099706,False,"[936.5, 895.5]","[924.5, 884.5]","[936.5, 895.5]","[924.5, 884.5]"
59,3,1,H20_03_1_11_Bright Field_001__y1452_x306_h101_w101.jpg,H20_03_1_11_Bright Field_001,101,101,142.8355697996826,9.336899161413992,True,"[341.5, 924.5]","[330.5, 919.5]","[341.5, 924.5]","[333.0, 920.6363636363636]"
60,2,0,G21_03_1_15_Bright Field_001__y1675_x1475_h73_w73.jpg,G21_03_1_15_Bright Field_001,73,73,103.23759005323593,32.36882999193557,True,"[120.5, 674.5]","[89.5, 660.5]","[120.5, 674.5]","[91.0, 661.1774193548387]"
61,2,0,G21_03_1_15_Bright Field_001__y1675_x1475_h73_w73.jpg,G21_03_1_15_Bright Field_001,73,73,103.23759005323593,29.832867780352597,False,"[119.5, 662.5]","[96.5, 643.5]","[119.5, 662.5]","[96.5, 643.5]"
62,2,0,G21_03_1_15_Bright Field_001__y1675_x1475_h73_w73.jpg,G21_03_1_15_Bright Field_001,73,73,103.23759005323593,33.015148038438355,False,"[128.5, 648.5]","[129.5, 615.5]","[128.5, 648.5]","[129.5, 615.5]"
63,2,0,G21_03_1_15_Bright Field_001__y1675_x1475_h73_w73.jpg,G21_03_1_15_Bright Field_001,73,73,103.23759005323593,11.964997159414311,True,"[157.5, 634.5]","[168.5, 617.5]","[157.5, 634.5]","[164.0, 624.4545454545455]"
64,3,0,H20_03_1_10_Bright Field_002__y1508_x1743_h105_w105.jpg,H20_03_1_10_Bright Field_002,105,105,148.49242404917499,54.56189146281496,False,"[150.5, 908.5]","[101.5, 884.5]","[150.5, 908.5]","[101.5, 884.5]"
65,3,0,H20_03_1_10_Bright Field_002__y1508_x1743_h105_w105.jpg,H20_03_1_10_Bright Field_002,105,105,148.49242404917499,39.158294737168845,True,"[121.5, 951.5]","[74.5, 934.5]","[111.82352941176471, 948.0]","[75.0, 934.6808510638298]"
66,4,0,H20_03_1_1_Bright Field_002__y1267_x771_h94_w94.jpg,H20_03_1_1_Bright Field_002,94,94,132.93607486307093,46.32493928760188,False,"[135.5, 1175.5]","[124.5, 1130.5]","[135.5, 1175.5]","[124.5, 1130.5]"
67,4,1,H20_03_1_2_Bright Field_002__y812_x327_h101_w101.jpg,H20_03_1_2_Bright Field_002,101,101,142.8355697996826,38.897300677553446,False,"[403.5, 1160.5]","[366.5, 1148.5]","[403.5, 1160.5]","[366.5, 1148.5]"
68,4,1,H20_03_1_2_Bright Field_002__y812_x327_h101_w101.jpg,H20_03_1_2_Bright Field_002,101,101,142.8355697996826,29.732137494637012,False,"[419.5, 1151.5]","[409.5, 1123.5]","[419.5, 1151.5]","[409.5, 1123.5]"
69,4,1,H20_03_1_2_Bright Field_002__y812_x327_h101_w101.jpg,H20_03_1_2_Bright Field_002,101,101,142.8355697996826,6.967738708939173,True,"[408.5, 1196.5]","[401.5, 1205.5]","[408.5, 1196.5]","[404.22222222222223, 1202.0]"
70,4,2,H20_03_1_3_Bright Field_001__y1685_x1298_h69_w69.jpg,H20_03_1_3_Bright Field_001,69,69,97.58073580374356,33.60059523282288,False,"[630.5, 1139.5]","[650.5, 1166.5]","[630.5, 1139.5]","[650.5, 1166.5]"
71,4,2,H20_03_1_3_Bright Field_001__y1685_x1298_h69_w69.jpg,H20_03_1_3_Bright Field_001,69,69,97.58073580374356,18.788294228055936,False,"[627.5, 1150.5]","[635.5, 1167.5]","[627.5, 1150.5]","[635.5, 1167.5]"
72,5,1,I20_03_1_11_Bright Field_001__y1857_x869_h64_w64.jpg,I20_03_1_11_Bright Field_001,64,64,90.50966799187809,14.724047604333226,True,"[401.5, 1416.5]","[418.5, 1419.5]","[401.5, 1416.5]","[416.0, 1419.0588235294117]"
73,5,2,I20_03_1_11_Bright Field_002__y1569_x945_h66_w66.jpg,I20_03_1_11_Bright Field_002,66,66,93.33809511662427,28.460498941515414,False,"[642.5, 1425.5]","[669.5, 1416.5]","[642.5, 1425.5]","[669.5, 1416.5]"
74,5,2,I20_03_1_11_Bright Field_002__y1569_x945_h66_w66.jpg,I20_03_1_11_Bright Field_002,66,66,93.33809511662427,18.35755975068582,False,"[635.5, 1420.5]","[644.5, 1404.5]","[635.5, 1420.5]","[644.5, 1404.5]"
75,5,3,I20_03_1_12_Bright Field_002__y1784_x1149_h124_w124.jpg,I20_03_1_12_Bright Field_002,124,124,175.36248173426378,62.00806399170998,False,"[896.5, 1380.5]","[895.5, 1442.5]","[896.5, 1380.5]","[895.5, 1442.5]"
76,5,3,I20_03_1_12_Bright Field_002__y1784_x1149_h124_w124.jpg,I20_03_1_12_Bright Field_002,124,124,175.36248173426378,60.530983801686226,False,"[943.5, 1383.5]","[951.5, 1443.5]","[943.5, 1383.5]","[951.5, 1443.5]"
77,4,3,H20_03_1_3_Bright Field_002__y641_x302_h85_w85.jpg,H20_03_1_3_Bright Field_002,85,85,120.20815280171308,28.160255680657446,False,"[897.5, 1131.5]","[894.5, 1159.5]","[897.5, 1131.5]","[894.5, 1159.5]"
78,4,3,H20_03_1_3_Bright Field_002__y641_x302_h85_w85.jpg,H20_03_1_3_Bright Field_002,85,85,120.20815280171308,24.041630560342615,False,"[887.5, 1135.5]","[880.5, 1158.5]","[887.5, 1135.5]","[880.5, 1158.5]"
79,4,3,H20_03_1_3_Bright Field_002__y641_x302_h85_w85.jpg,H20_03_1_3_Bright Field_002,85,85,120.20815280171308,20.12461179749811,False,"[868.5, 1130.5]","[859.5, 1148.5]","[868.5, 1130.5]","[859.5, 1148.5]"
80,4,3,H20_03_1_3_Bright Field_002__y641_x302_h85_w85.jpg,H20_03_1_3_Bright Field_002,85,85,120.20815280171308,12.206555615733702,False,"[864.5, 1113.5]","[857.5, 1123.5]","[864.5, 1113.5]","[857.5, 1123.5]"
81,5,4,I20_03_1_13_Bright Field_001__y932_x169_h83_w83.jpg,I20_03_1_13_Bright Field_001,83,83,117.37972567696688,41.182520563948,False,"[1142.5, 1427.5]","[1162.5, 1391.5]","[1142.5, 1427.5]","[1162.5, 1391.5]"
82,5,5,I20_03_1_1_Bright Field_001__y1825_x673_h98_w98.jpg,I20_03_1_1_Bright Field_001,98,98,138.59292911256333,64.4437739428721,False,"[1430.5, 1433.5]","[1387.5, 1385.5]","[1430.5, 1433.5]","[1387.5, 1385.5]"
83,5,5,I20_03_1_1_Bright Field_001__y1825_x673_h98_w98.jpg,I20_03_1_1_Bright Field_001,98,98,138.59292911256333,36.6742416417845,False,"[1415.5, 1444.5]","[1379.5, 1437.5]","[1415.5, 1444.5]","[1379.5, 1437.5]"
84,4,5,H20_03_1_5_Bright Field_002__y924_x492_h80_w80.jpg,H20_03_1_5_Bright Field_002,80,80,113.13708498984761,45.03517692308788,True,"[1403.5, 1166.5]","[1448.5, 1173.5]","[1403.5, 1166.5]","[1448.0, 1173.4222222222222]"
85,4,5,H20_03_1_5_Bright Field_002__y924_x492_h80_w80.jpg,H20_03_1_5_Bright Field_002,80,80,113.13708498984761,29.120439557122072,False,"[1395.5, 1158.5]","[1423.5, 1150.5]","[1395.5, 1158.5]","[1423.5, 1150.5]"
86,4,4,H20_03_1_4_Bright Field_001__y1396_x206_h64_w64.jpg,H20_03_1_4_Bright Field_001,64,64,90.50966799187809,22.20360331117452,False,"[1154.5, 1144.5]","[1157.5, 1166.5]","[1154.5, 1144.5]","[1157.5, 1166.5]"
87,4,4,H20_03_1_4_Bright Field_001__y1396_x206_h64_w64.jpg,H20_03_1_4_Bright Field_001,64,64,90.50966799187809,29.410882339705484,False,"[1147.5, 1152.5]","[1138.5, 1180.5]","[1147.5, 1152.5]","[1138.5, 1180.5]"
88,4,4,H20_03_1_4_Bright Field_001__y1396_x206_h64_w64.jpg,H20_03_1_4_Bright Field_001,64,64,90.50966799187809,7.267220926874317,True,"[1126.5, 1158.5]","[1116.5, 1163.5]","[1126.5, 1158.5]","[1120.0, 1161.75]"
89,4,4,H20_03_1_4_Bright Field_001__y1396_x206_h64_w64.jpg,H20_03_1_4_Bright Field_001,64,64,90.50966799187809,29.832867780352597,False,"[1181.5, 1127.5]","[1162.5, 1150.5]","[1181.5, 1127.5]","[1162.5, 1150.5]"
90,4,4,H20_03_1_4_Bright Field_001__y1396_x206_h64_w64.jpg,H20_03_1_4_Bright Field_001,64,64,90.50966799187809,38.73583896053132,True,"[1189.5, 1128.5]","[1160.5, 1166.5]","[1184.0, 1135.7068965517242]","[1160.5, 1166.5]"
91,4,6,H20_03_1_6_Bright Field_001__y688_x496_h96_w96.jpg,H20_03_1_6_Bright Field_001,96,96,135.7645019878171,50.99019513592785,False,"[1641.5, 1137.5]","[1679.5, 1171.5]","[1641.5, 1137.5]","[1679.5, 1171.5]"
92,4,6,H20_03_1_6_Bright Field_001__y688_x496_h96_w96.jpg,H20_03_1_6_Bright Field_001,96,96,135.7645019878171,47.853944456021594,False,"[1646.5, 1134.5]","[1689.5, 1155.5]","[1646.5, 1134.5]","[1689.5, 1155.5]"
93,4,7,H20_03_1_6_Bright Field_002__y618_x292_h101_w101.jpg,H20_03_1_6_Bright Field_002,101,101,142.8355697996826,63.8200595424354,False,"[1945.5, 1169.5]","[1893.5, 1132.5]","[1945.5, 1169.5]","[1893.5, 1132.5]"
94,4,7,H20_03_1_6_Bright Field_002__y618_x292_h101_w101.jpg,H20_03_1_6_Bright Field_002,101,101,142.8355697996826,62.24146527838174,False,"[1924.5, 1196.5]","[1879.5, 1153.5]","[1924.5, 1196.5]","[1879.5, 1153.5]"
95,4,8,H20_03_1_8_Bright Field_001__y148_x1423_h64_w64.jpg,H20_03_1_8_Bright Field_001,64,64,90.50966799187809,29.657593135291766,True,"[2185.5, 1185.5]","[2162.5, 1163.5]","[2183.931818181818, 1184.0]","[2162.5, 1163.5]"
96,4,9,H20_03_1_8_Bright Field_002__y265_x1565_h110_w110.jpg,H20_03_1_8_Bright Field_002,110,110,155.56349186104046,60.166435825965294,False,"[2404.5, 1163.5]","[2460.5, 1141.5]","[2404.5, 1163.5]","[2460.5, 1141.5]"
97,4,9,H20_03_1_8_Bright Field_002__y265_x1565_h110_w110.jpg,H20_03_1_8_Bright Field_002,110,110,155.56349186104046,53.16013544000805,False,"[2483.5, 1188.5]","[2432.5, 1173.5]","[2483.5, 1188.5]","[2432.5, 1173.5]"
98,4,9,H20_03_1_8_Bright Field_002__y265_x1565_h110_w110.jpg,H20_03_1_8_Bright Field_002,110,110,155.56349186104046,20.85311727296428,True,"[2491.5, 1182.5]","[2471.5, 1164.5]","[2487.0, 1178.45]","[2471.5, 1164.5]"
99,4,9,H20_03_1_8_Bright Field_002__y265_x1565_h110_w110.jpg,H20_03_1_8_Bright Field_002,110,110,155.56349186104046,34.99592656343088,True,"[2479.5, 1197.5]","[2440.5, 1208.5]","[2479.5, 1197.5]","[2445.818181818182, 1207.0]"
100,5,7,I20_03_1_2_Bright Field_001__y1813_x1122_h118_w118.jpg,I20_03_1_2_Bright Field_001,118,118,166.87720036002523,90.95603333479313,False,"[1947.5, 1376.5]","[1970.5, 1464.5]","[1947.5, 1376.5]","[1970.5, 1464.5]"
101,5,7,I20_03_1_2_Bright Field_001__y1813_x1122_h118_w118.jpg,I20_03_1_2_Bright Field_001,118,118,166.87720036002523,90.07774419910837,False,"[1936.5, 1370.5]","[1901.5, 1453.5]","[1936.5, 1370.5]","[1901.5, 1453.5]"
102,5,7,I20_03_1_2_Bright Field_001__y1813_x1122_h118_w118.jpg,I20_03_1_2_Bright Field_001,118,118,166.87720036002523,73.24616030891995,False,"[1932.5, 1375.5]","[1893.5, 1437.5]","[1932.5, 1375.5]","[1893.5, 1437.5]"
103,5,7,I20_03_1_2_Bright Field_001__y1813_x1122_h118_w118.jpg,I20_03_1_2_Bright Field_001,118,118,166.87720036002523,32.0,False,"[1905.5, 1366.5]","[1905.5, 1398.5]","[1905.5, 1366.5]","[1905.5, 1398.5]"
104,5,8,I20_03_1_3_Bright Field_001__y871_x1531_h64_w64.jpg,I20_03_1_3_Bright Field_001,64,64,90.50966799187809,31.88220277075637,True,"[2175.5, 1426.5]","[2143.5, 1421.5]","[2175.5, 1426.5]","[2144.0, 1421.578125]"
105,5,9,I20_03_1_3_Bright Field_002__y1777_x425_h67_w67.jpg,I20_03_1_3_Bright Field_002,67,67,94.75230867899737,20.615528128088304,False,"[2447.5, 1402.5]","[2428.5, 1410.5]","[2447.5, 1402.5]","[2428.5, 1410.5]"
106,6,9,J20_03_1_15_Bright Field_001__y568_x1300_h76_w76.jpg,J20_03_1_15_Bright Field_001,76,76,107.48023074035522,36.069377593742864,False,"[2420.5, 1676.5]","[2446.5, 1651.5]","[2420.5, 1676.5]","[2446.5, 1651.5]"
107,6,8,J20_03_1_11_Bright Field_001__y936_x1080_h97_w97.jpg,J20_03_1_11_Bright Field_001,97,97,137.17871555019022,77.78174593052023,False,"[2200.5, 1687.5]","[2145.5, 1632.5]","[2200.5, 1687.5]","[2145.5, 1632.5]"
108,5,6,I20_03_1_1_Bright Field_002__y1424_x884_h100_w100.jpg,I20_03_1_1_Bright Field_002,100,100,141.4213562373095,54.62600113499065,False,"[1676.5, 1380.5]","[1654.5, 1430.5]","[1676.5, 1380.5]","[1654.5, 1430.5]"
109,5,6,I20_03_1_1_Bright Field_002__y1424_x884_h100_w100.jpg,I20_03_1_1_Bright Field_002,100,100,141.4213562373095,12.529964086141668,False,"[1669.5, 1437.5]","[1680.5, 1431.5]","[1669.5, 1437.5]","[1680.5, 1431.5]"
110,6,6,I20_03_1_8_Bright Field_001__y1360_x1835_h95_w95.jpg,I20_03_1_8_Bright Field_001,95,95,134.35028842544403,52.60509891585674,True,"[1660.5, 1710.5]","[1614.5, 1681.5]","[1660.5, 1710.5]","[1616.0, 1682.445652173913]"
111,6,6,I20_03_1_8_Bright Field_001__y1360_x1835_h95_w95.jpg,I20_03_1_8_Bright Field_001,95,95,134.35028842544403,42.44997055358225,False,"[1667.5, 1681.5]","[1656.5, 1640.5]","[1667.5, 1681.5]","[1656.5, 1640.5]"
112,6,7,I20_03_1_9_Bright Field_001__y1847_x1495_h74_w74.jpg,I20_03_1_9_Bright Field_001,74,74,104.65180361560904,27.294688127912362,False,"[1930.5, 1669.5]","[1906.5, 1656.5]","[1930.5, 1669.5]","[1906.5, 1656.5]"
113,6,7,I20_03_1_9_Bright Field_001__y1847_x1495_h74_w74.jpg,I20_03_1_9_Bright Field_001,74,74,104.65180361560904,40.80441152620633,False,"[1942.5, 1666.5]","[1918.5, 1633.5]","[1942.5, 1666.5]","[1918.5, 1633.5]"
114,6,5,I20_03_1_7_Bright Field_002__y1338_x1417_h128_w128.jpg,I20_03_1_7_Bright Field_002,128,128,181.01933598375618,119.50732195141852,False,"[1403.5, 1726.5]","[1414.5, 1607.5]","[1403.5, 1726.5]","[1414.5, 1607.5]"
115,6,4,I20_03_1_7_Bright Field_001__y1563_x1288_h66_w66.jpg,I20_03_1_7_Bright Field_001,66,66,93.33809511662427,35.696134089277336,True,"[1170.5, 1661.5]","[1174.5, 1699.5]","[1170.5, 1661.5]","[1174.2368421052631, 1697.0]"
116,6,4,I20_03_1_7_Bright Field_001__y1563_x1288_h66_w66.jpg,I20_03_1_7_Bright Field_001,66,66,93.33809511662427,27.784887978899608,False,"[1160.5, 1651.5]","[1146.5, 1675.5]","[1160.5, 1651.5]","[1146.5, 1675.5]"
117,6,3,I20_03_1_6_Bright Field_002__y676_x388_h80_w80.jpg,I20_03_1_6_Bright Field_002,80,80,113.13708498984761,32.7566787083184,False,"[880.5, 1654.5]","[908.5, 1671.5]","[880.5, 1654.5]","[908.5, 1671.5]"
118,6,3,I20_03_1_6_Bright Field_002__y676_x388_h80_w80.jpg,I20_03_1_6_Bright Field_002,80,80,113.13708498984761,14.142135623730951,False,"[882.5, 1671.5]","[884.5, 1685.5]","[882.5, 1671.5]","[884.5, 1685.5]"
119,6,2,I20_03_1_5_Bright Field_001__y279_x660_h101_w101.jpg,I20_03_1_5_Bright Field_001,101,101,142.8355697996826,67.89698078707183,False,"[663.5, 1683.5]","[614.5, 1636.5]","[663.5, 1683.5]","[614.5, 1636.5]"
120,6,2,I20_03_1_5_Bright Field_001__y279_x660_h101_w101.jpg,I20_03_1_5_Bright Field_001,101,101,142.8355697996826,38.8329756778952,False,"[644.5, 1696.5]","[606.5, 1688.5]","[644.5, 1696.5]","[606.5, 1688.5]"
121,6,1,I20_03_1_4_Bright Field_002__y1175_x1841_h66_w66.jpg,I20_03_1_4_Bright Field_002,66,66,93.33809511662427,16.1245154965971,False,"[378.5, 1663.5]","[394.5, 1665.5]","[378.5, 1663.5]","[394.5, 1665.5]"
122,6,1,I20_03_1_4_Bright Field_002__y1175_x1841_h66_w66.jpg,I20_03_1_4_Bright Field_002,66,66,93.33809511662427,14.166666666666675,True,"[369.5, 1684.5]","[377.5, 1699.5]","[369.5, 1684.5]","[376.1666666666667, 1697.0]"
123,6,0,I20_03_1_4_Bright Field_001__y1729_x1018_h121_w121.jpg,I20_03_1_4_Bright Field_001,121,121,171.1198410471445,58.249463516842795,False,"[122.5, 1624.5]","[134.5, 1681.5]","[122.5, 1624.5]","[134.5, 1681.5]"
124,7,7,J20_03_1_5_Bright Field_002__y1128_x498_h128_w128.jpg,J20_03_1_5_Bright Field_002,128,128,181.01933598375618,110.39021695784459,False,"[1878.5, 1885.5]","[1959.5, 1960.5]","[1878.5, 1885.5]","[1959.5, 1960.5]"
125,7,9,J20_03_1_7_Bright Field_001__y1673_x625_h85_w85.jpg,J20_03_1_7_Bright Field_001,85,85,120.20815280171308,41.340053217188775,False,"[2421.5, 1938.5]","[2443.5, 1903.5]","[2421.5, 1938.5]","[2443.5, 1903.5]"
126,7,9,J20_03_1_7_Bright Field_001__y1673_x625_h85_w85.jpg,J20_03_1_7_Bright Field_001,85,85,120.20815280171308,32.97463337599051,True,"[2454.5, 1944.5]","[2476.5, 1914.5]","[2454.5, 1944.5]","[2474.0, 1917.909090909091]"
127,7,9,J20_03_1_7_Bright Field_001__y1673_x625_h85_w85.jpg,J20_03_1_7_Bright Field_001,85,85,120.20815280171308,35.79697768123888,True,"[2416.5, 1940.5]","[2386.5, 1915.5]","[2416.5, 1940.5]","[2389.0, 1917.5833333333333]"
128,8,7,K20_03_1_14_Bright Field_001__y713_x782_h128_w128.jpg,K20_03_1_14_Bright Field_001,128,128,181.01933598375618,103.61949623502326,False,"[1940.5, 2225.5]","[1901.5, 2129.5]","[1940.5, 2225.5]","[1901.5, 2129.5]"
129,8,7,K20_03_1_14_Bright Field_001__y713_x782_h128_w128.jpg,K20_03_1_14_Bright Field_001,128,128,181.01933598375618,11.6875,True,"[1986.5, 2168.5]","[1978.5, 2153.5]","[1984.0, 2163.8125]","[1978.5, 2153.5]"
130,8,9,K20_03_1_3_Bright Field_001__y864_x1478_h64_w64.jpg,K20_03_1_3_Bright Field_001,64,64,90.50966799187809,13.892443989449804,False,"[2439.5, 2179.5]","[2427.5, 2172.5]","[2439.5, 2179.5]","[2427.5, 2172.5]"
131,8,9,K20_03_1_3_Bright Field_001__y864_x1478_h64_w64.jpg,K20_03_1_3_Bright Field_001,64,64,90.50966799187809,16.1245154965971,False,"[2447.5, 2172.5]","[2439.5, 2158.5]","[2447.5, 2172.5]","[2439.5, 2158.5]"
132,8,9,K20_03_1_3_Bright Field_001__y864_x1478_h64_w64.jpg,K20_03_1_3_Bright Field_001,64,64,90.50966799187809,14.142135623730951,False,"[2459.5, 2162.5]","[2461.5, 2148.5]","[2459.5, 2162.5]","[2461.5, 2148.5]"
133,8,9,K20_03_1_3_Bright Field_001__y864_x1478_h64_w64.jpg,K20_03_1_3_Bright Field_001,64,64,90.50966799187809,18.384776310850235,False,"[2437.5, 2192.5]","[2420.5, 2185.5]","[2437.5, 2192.5]","[2420.5, 2185.5]"
134,9,9,K20_03_1_9_Bright Field_002__y1449_x817_h106_w106.jpg,K20_03_1_9_Bright Field_002,106,106,149.90663761154806,36.83445868936823,True,"[2482.5, 2412.5]","[2466.5, 2377.5]","[2482.5, 2412.5]","[2467.1857142857143, 2379.0]"
135,9,9,K20_03_1_9_Bright Field_002__y1449_x817_h106_w106.jpg,K20_03_1_9_Bright Field_002,106,106,149.90663761154806,90.76735656474457,True,"[2485.5, 2438.5]","[2394.5, 2431.5]","[2485.0, 2438.4615384615386]","[2394.5, 2431.5]"
136,8,8,K20_03_1_1_Bright Field_002__y652_x284_h128_w128.jpg,K20_03_1_1_Bright Field_002,128,128,181.01933598375618,93.74433316206373,False,"[2200.5, 2213.5]","[2148.5, 2135.5]","[2200.5, 2213.5]","[2148.5, 2135.5]"
137,8,7,K20_03_1_14_Bright Field_001__y713_x782_h128_w128.jpg,K20_03_1_14_Bright Field_001,128,128,181.01933598375618,46.51881339845203,False,"[1936.5, 2228.5]","[1916.5, 2186.5]","[1936.5, 2228.5]","[1916.5, 2186.5]"
138,9,8,K20_03_1_9_Bright Field_001__y1512_x801_h127_w127.jpg,K20_03_1_9_Bright Field_001,127,127,179.60512242138307,94.86832980505137,False,"[2204.5, 2468.5]","[2150.5, 2390.5]","[2204.5, 2468.5]","[2150.5, 2390.5]"
139,9,8,K20_03_1_9_Bright Field_001__y1512_x801_h127_w127.jpg,K20_03_1_9_Bright Field_001,127,127,179.60512242138307,79.40403012442127,False,"[2203.5, 2479.5]","[2135.5, 2438.5]","[2203.5, 2479.5]","[2135.5, 2438.5]"
140,9,7,K20_03_1_8_Bright Field_002__y1028_x1666_h100_w100.jpg,K20_03_1_8_Bright Field_002,100,100,141.4213562373095,49.47726750741192,False,"[1914.5, 2407.5]","[1926.5, 2455.5]","[1914.5, 2407.5]","[1926.5, 2455.5]"
141,7,6,J20_03_1_5_Bright Field_001__y184_x417_h93_w93.jpg,J20_03_1_5_Bright Field_001,93,93,131.52186130069785,55.54277630799526,False,"[1697.5, 1931.5]","[1643.5, 1918.5]","[1697.5, 1931.5]","[1643.5, 1918.5]"
142,8,6,K20_03_1_11_Bright Field_002__y1163_x1031_h93_w93.jpg,K20_03_1_11_Bright Field_002,93,93,131.52186130069785,36.68787265568828,False,"[1687.5, 2169.5]","[1652.5, 2180.5]","[1687.5, 2169.5]","[1652.5, 2180.5]"
143,8,6,K20_03_1_11_Bright Field_002__y1163_x1031_h93_w93.jpg,K20_03_1_11_Bright Field_002,93,93,131.52186130069785,35.608987629529715,False,"[1683.5, 2181.5]","[1655.5, 2203.5]","[1683.5, 2181.5]","[1655.5, 2203.5]"
144,9,6,K20_03_1_7_Bright Field_001__y1534_x1146_h93_w93.jpg,K20_03_1_7_Bright Field_001,93,93,131.52186130069785,44.94441010848846,False,"[1683.5, 2421.5]","[1645.5, 2445.5]","[1683.5, 2421.5]","[1645.5, 2445.5]"
145,9,5,K20_03_1_6_Bright Field_001__y935_x516_h73_w73.jpg,K20_03_1_6_Bright Field_001,73,73,103.23759005323593,25.238858928247925,False,"[1416.5, 2418.5]","[1402.5, 2439.5]","[1416.5, 2418.5]","[1402.5, 2439.5]"
146,8,5,K20_03_1_11_Bright Field_001__y1163_x1048_h65_w65.jpg,K20_03_1_11_Bright Field_001,65,65,91.92388155425118,34.0147027033899,False,"[1415.5, 2183.5]","[1384.5, 2197.5]","[1415.5, 2183.5]","[1384.5, 2197.5]"
147,8,5,K20_03_1_11_Bright Field_001__y1163_x1048_h65_w65.jpg,K20_03_1_11_Bright Field_001,65,65,91.92388155425118,24.0,False,"[1420.5, 2176.5]","[1396.5, 2176.5]","[1420.5, 2176.5]","[1396.5, 2176.5]"
148,7,5,J20_03_1_4_Bright Field_002__y787_x1049_h67_w67.jpg,J20_03_1_4_Bright Field_002,67,67,94.75230867899737,32.84456766346605,True,"[1383.5, 1928.5]","[1408.5, 1956.5]","[1383.5, 1928.5]","[1405.375, 1953.0]"
149,7,5,J20_03_1_4_Bright Field_002__y787_x1049_h67_w67.jpg,J20_03_1_4_Bright Field_002,67,67,94.75230867899737,16.278820596099706,False,"[1400.5, 1913.5]","[1412.5, 1924.5]","[1400.5, 1913.5]","[1412.5, 1924.5]"
150,7,4,J20_03_1_4_Bright Field_001__y629_x915_h118_w118.jpg,J20_03_1_4_Bright Field_001,118,118,166.87720036002523,71.11961754677819,False,"[1171.5, 1952.5]","[1138.5, 1889.5]","[1171.5, 1952.5]","[1138.5, 1889.5]"
151,7,4,J20_03_1_4_Bright Field_001__y629_x915_h118_w118.jpg,J20_03_1_4_Bright Field_001,118,118,166.87720036002523,59.53990258641679,False,"[1175.5, 1968.5]","[1116.5, 1960.5]","[1175.5, 1968.5]","[1116.5, 1960.5]"
152,9,4,K20_03_1_5_Bright Field_002__y657_x919_h111_w111.jpg,K20_03_1_5_Bright Field_002,111,111,156.97770542341354,50.00999900019995,False,"[1164.5, 2410.5]","[1154.5, 2459.5]","[1164.5, 2410.5]","[1154.5, 2459.5]"
153,9,4,K20_03_1_5_Bright Field_002__y657_x919_h111_w111.jpg,K20_03_1_5_Bright Field_002,111,111,156.97770542341354,66.48308055437865,False,"[1159.5, 2408.5]","[1135.5, 2470.5]","[1159.5, 2408.5]","[1135.5, 2470.5]"
154,8,4,K20_03_1_10_Bright Field_002__y1000_x1304_h64_w64.jpg,K20_03_1_10_Bright Field_002,64,64,90.50966799187809,27.024803422041796,True,"[1146.5, 2194.5]","[1116.5, 2188.5]","[1146.5, 2194.5]","[1120.0, 2189.2]"
155,8,4,K20_03_1_10_Bright Field_002__y1000_x1304_h64_w64.jpg,K20_03_1_10_Bright Field_002,64,64,90.50966799187809,27.730849247724095,False,"[1156.5, 2186.5]","[1144.5, 2161.5]","[1156.5, 2186.5]","[1144.5, 2161.5]"
156,9,3,K20_03_1_5_Bright Field_001__y1840_x1056_h64_w64.jpg,K20_03_1_5_Bright Field_001,64,64,90.50966799187809,18.788294228055936,False,"[895.5, 2445.5]","[878.5, 2437.5]","[895.5, 2445.5]","[878.5, 2437.5]"
157,9,3,K20_03_1_5_Bright Field_001__y1840_x1056_h64_w64.jpg,K20_03_1_5_Bright Field_001,64,64,90.50966799187809,15.620499351813308,False,"[905.5, 2440.5]","[893.5, 2430.5]","[905.5, 2440.5]","[893.5, 2430.5]"
158,9,2,K20_03_1_4_Bright Field_002__y621_x1180_h101_w101.jpg,K20_03_1_4_Bright Field_002,101,101,142.8355697996826,66.48308055437865,False,"[615.5, 2457.5]","[661.5, 2409.5]","[615.5, 2457.5]","[661.5, 2409.5]"
159,9,1,K20_03_1_4_Bright Field_001__y887_x1545_h125_w125.jpg,K20_03_1_4_Bright Field_001,125,125,176.7766952966369,73.68174807915459,False,"[423.5, 2422.5]","[353.5, 2445.5]","[423.5, 2422.5]","[353.5, 2445.5]"
160,8,2,J20_03_1_9_Bright Field_001__y1154_x1280_h80_w80.jpg,J20_03_1_9_Bright Field_001,80,80,113.13708498984761,26.419689627245813,False,"[662.5, 2172.5]","[649.5, 2195.5]","[662.5, 2172.5]","[649.5, 2195.5]"
161,8,2,J20_03_1_9_Bright Field_001__y1154_x1280_h80_w80.jpg,J20_03_1_9_Bright Field_001,80,80,113.13708498984761,33.61547262794322,False,"[657.5, 2167.5]","[628.5, 2184.5]","[657.5, 2167.5]","[628.5, 2184.5]"
162,7,3,J20_03_1_3_Bright Field_001__y777_x723_h91_w91.jpg,J20_03_1_3_Bright Field_001,91,91,128.69343417595164,56.58147721078998,True,"[869.5, 1924.5]","[909.5, 1965.5]","[869.5, 1924.5]","[909.0121951219512, 1965.0]"
163,7,3,J20_03_1_3_Bright Field_001__y777_x723_h91_w91.jpg,J20_03_1_3_Bright Field_001,91,91,128.69343417595164,39.7789188719517,True,"[860.5, 1925.5]","[865.5, 1967.5]","[860.5, 1925.5]","[865.202380952381, 1965.0]"
164,7,3,J20_03_1_3_Bright Field_001__y777_x723_h91_w91.jpg,J20_03_1_3_Bright Field_001,91,91,128.69343417595164,47.01063709417264,False,"[875.5, 1920.5]","[922.5, 1919.5]","[875.5, 1920.5]","[922.5, 1919.5]"
165,7,2,J20_03_1_2_Bright Field_001__y651_x1775_h107_w107.jpg,J20_03_1_2_Bright Field_001,107,107,151.32085117392117,81.32035415564789,False,"[667.5, 1946.5]","[610.5, 1888.5]","[667.5, 1946.5]","[610.5, 1888.5]"
166,7,2,J20_03_1_2_Bright Field_001__y651_x1775_h107_w107.jpg,J20_03_1_2_Bright Field_001,107,107,151.32085117392117,19.515335968159473,True,"[676.5, 1950.5]","[695.5, 1938.5]","[676.5, 1950.5]","[693.0, 1940.078947368421]"
167,8,1,J20_03_1_8_Bright Field_002__y562_x1030_h128_w128.jpg,J20_03_1_8_Bright Field_002,128,128,181.01933598375618,121.49074038789952,False,"[416.5, 2224.5]","[350.5, 2122.5]","[416.5, 2224.5]","[350.5, 2122.5]"
168,8,1,J20_03_1_8_Bright Field_002__y562_x1030_h128_w128.jpg,J20_03_1_8_Bright Field_002,128,128,181.01933598375618,72.06247289678588,False,"[423.5, 2226.5]","[426.5, 2154.5]","[423.5, 2226.5]","[426.5, 2154.5]"
169,8,1,J20_03_1_8_Bright Field_002__y562_x1030_h128_w128.jpg,J20_03_1_8_Bright Field_002,128,128,181.01933598375618,62.297672508690084,False,"[407.5, 2231.5]","[348.5, 2211.5]","[407.5, 2231.5]","[348.5, 2211.5]"
170,9,0,K20_03_1_3_Bright Field_002__y808_x1526_h76_w76.jpg,K20_03_1_3_Bright Field_002,76,76,107.48023074035522,31.622776601683793,False,"[119.5, 2448.5]","[137.5, 2422.5]","[119.5, 2448.5]","[137.5, 2422.5]"
171,8,0,J20_03_1_7_Bright Field_002__y1042_x494_h128_w128.jpg,J20_03_1_7_Bright Field_002,128,128,181.01933598375618,110.30865786510141,False,"[170.5, 2136.5]","[92.5, 2214.5]","[170.5, 2136.5]","[92.5, 2214.5]"
172,7,0,J20_03_1_16_Bright Field_002__y1314_x877_h107_w107.jpg,J20_03_1_16_Bright Field_002,107,107,151.32085117392117,68.87670143089025,False,"[114.5, 1947.5]","[144.5, 1885.5]","[114.5, 1947.5]","[144.5, 1885.5]"
173,7,0,J20_03_1_16_Bright Field_002__y1314_x877_h107_w107.jpg,J20_03_1_16_Bright Field_002,107,107,151.32085117392117,34.117851306578224,True,"[99.5, 1932.5]","[72.5, 1908.5]","[99.5, 1932.5]","[74.0, 1909.8333333333333]"
174,9,0,K20_03_1_3_Bright Field_002__y808_x1526_h76_w76.jpg,K20_03_1_3_Bright Field_002,76,76,107.48023074035522,6.73145600891813,True,"[92.5, 2456.5]","[88.5, 2446.5]","[92.5, 2456.5]","[90.0, 2450.25]"
175,9,0,K20_03_1_3_Bright Field_002__y808_x1526_h76_w76.jpg,K20_03_1_3_Bright Field_002,76,76,107.48023074035522,11.40175425099138,False,"[114.5, 2447.5]","[111.5, 2436.5]","[114.5, 2447.5]","[111.5, 2436.5]"
